{
  "GBR": [
    -16.357043291191886,
    -51.78504302851756,
    -9.00370432783601,
    21.33305042136946,
    0.16122270495655608,
    -2.1603826287469623,
    -1.6200663844686805,
    1.8055247844846045,
    -4.590922946928364,
    -4.009530800886516
  ],
  "FIN": [
    -21.564600890313557,
    -39.88723035244124,
    -8.207034664861856,
    18.36653256876293,
    -4.2461248456927505,
    1.030489260290196,
    -7.409929782156417,
    -3.492660266551165,
    -9.53301489127761,
    -2.397430453224938
  ],
  "CHS": [
    -48.209767648758394,
    65.84747511767075,
    -4.326028933955166,
    13.857788276667177,
    -0.2023296511308104,
    -2.280767475903187,
    0.4164517969843562,
    -0.8234216782403355,
    -2.4818707866950827,
    0.22494816119324404
  ],
  "PUR": [
    -5.179065331455881,
    -32.51592859573546,
    8.532586855854788,
    13.465430738393863,
    6.416813740924359,
    2.5716421163658243,
    2.6125233303379543,
    0.3905015873593199,
    0.8364868769042312,
    -0.5788694977777191
  ],
  "CDX": [
    -46.02291181523169,
    67.08850626782638,
    -15.484876021640524,
    11.840753141021498,
    -8.73151507923291,
    0.5821610811589453,
    9.92438314385726,
    -7.430335388018997,
    -0.37796336772384376,
    -3.082710139917513
  ],
  "CLM": [
    -20.249604048627756,
    -31.840801592578597,
    25.27642256472547,
    5.301666231990718,
    -2.677248318277281,
    1.1990683877938673,
    2.624257807550425,
    -2.1872073520661166,
    1.7014667234061902,
    6.782475502344775
  ],
  "IBS": [
    -14.082974333481024,
    -50.14629342417743,
    -12.448228822668145,
    21.459200209806472,
    -1.7917231062706378,
    1.5672016057290619,
    6.448396911806862,
    2.7766295888822947,
    1.9183947682407754,
    -0.780294645545101
  ],
  "PEL": [
    -40.06097894278868,
    2.9788919657399715,
    83.65568211590315,
    -13.232027969946971,
    -3.163110104901179,
    5.25941316121319,
    -3.052945842088374,
    -0.33354018186933404,
    3.96591776167441,
    0.034830455172515554
  ],
  "PJL": [
    -19.889418690144403,
    -14.353210378666674,
    -16.057735350287672,
    -31.955157237547382,
    3.6542939311178366,
    -2.8446430284424267,
    2.947554018291227,
    1.7087565968435228,
    -5.198475600944822,
    3.0576006241238383
  ],
  "KHV": [
    -44.99757850133075,
    64.41162869027161,
    -11.404057086911504,
    12.752814734495024,
    -5.023088911278478,
    0.18017350852403177,
    6.11673301679235,
    -2.3057084160330517,
    1.0536604214915897,
    -1.338922680196171
  ],
  "ACB": [
    93.91026418962795,
    9.348600559322508,
    3.0389157642707505,
    1.9387593611242928,
    -2.21331945356757,
    -2.1236292683214715,
    0.6515005596728156,
    3.9746228029466937,
    1.9484793854333804,
    -3.254477210325047
  ],
  "GWD": [
    109.23617905329364,
    15.788758839872179,
    3.2761595980426597,
    -0.34502810722972643,
    -2.278828515576495,
    3.3248280067045055,
    -0.16111329826014278,
    3.223890259647994,
    -1.239074687173895,
    -0.033208111058969196
  ],
  "ESN": [
    112.32145615919987,
    21.463777095714224,
    0.9433735770624492,
    0.8588758757703618,
    0.013674355847844858,
    0.7923749777093582,
    2.067140702345474,
    0.6945976375379921,
    0.6825720846491594,
    0.9562442905047855
  ],
  "MSL": [
    111.30290718815813,
    19.38531209856832,
    2.9908714442211846,
    1.104521276417391,
    2.132655646308138,
    -1.8116086605987356,
    2.8640785770350927,
    0.41344631275864446,
    3.5097796669785386,
    -1.2507374180638904
  ],
  "BEB": [
    -24.571923216687,
    -1.1086104572390685,
    -17.7068054032745,
    -31.558258573290697,
    -3.4328450124533845,
    -3.124089694124751,
    -4.115985983476176,
    -0.9360123542639742,
    5.0052989678505115,
    0.12546181755832514
  ],
  "STU": [
    -21.854774960808456,
    -9.996862516352756,
    -17.884405555547982,
    -41.450269983824434,
    6.502227336093789,
    0.1437997831432474,
    1.2592329240596298,
    -3.2371759327762355,
    -2.067852739878447,
    4.180662743605392
  ],
  "ITU": [
    -22.399253851519337,
    -10.250001686680845,
    -19.898041429099234,
    -40.80450944926634,
    2.988116672578499,
    3.916503659477293,
    0.9263373328761754,
    0.807800916899775,
    3.695090681182931,
    1.408932133550225
  ],
  "CEU": [
    -17.158583354177786,
    -51.48299772523423,
    -9.213154824156323,
    20.114657866726876,
    -3.56854487161928,
    -2.743091498829368,
    -3.1560618479196476,
    -4.856203600478114,
    -4.225281247084973,
    -4.49129295711696
  ],
  "YRI": [
    114.56905733199535,
    19.731099566127558,
    3.298921090371345,
    -0.5558829527602834,
    -1.1413838080689884,
    -1.086593914388169,
    -0.7400281504193832,
    -3.597799721443264,
    1.046220287590867,
    -0.3737838556593971
  ],
  "CHB": [
    -47.57962819539202,
    65.4008954063101,
    -7.696896423949402,
    13.909202922719032,
    2.057016715961776,
    -4.341177459102177,
    -1.2618919292711308,
    3.4707634731803303,
    -1.8484664010823,
    -3.891212495335631
  ],
  "JPT": [
    -47.48333935021787,
    61.484086759213874,
    -4.258525064129683,
    14.3170622566436,
    8.809303755347383,
    1.1755420878264817,
    -10.282867603097214,
    8.52770753667519,
    -1.9341660636016271,
    2.643708255791358
  ],
  "LWK": [
    105.94529671531097,
    16.56264561117608,
    1.7927092899131511,
    -0.8546222158049238,
    0.21312521232470047,
    -1.4136107537098779,
    -2.8485129169070675,
    0.4325230133946504,
    -5.272090032628434,
    3.6845180864420284
  ],
  "MXL": [
    -28.145449433252384,
    -12.487803855916196,
    39.39492087671236,
    0.3954736615264342,
    -1.2322590853202302,
    -4.8232719468841525,
    6.334915143776169,
    6.698697102577398,
    5.253284287419361,
    -0.29490427197874103
  ],
  "ASW": [
    88.35661508409926,
    8.338630926260452,
    2.469814733897079,
    3.279112555439295,
    -2.7121089774354687,
    1.738992797718381,
    -3.1033429495107954,
    -8.496751142571103,
    4.750435726654859,
    -0.22724420898721717
  ],
  "TSI": [
    -15.546024089079134,
    -49.915364095936454,
    -11.145800028350145,
    18.46917002440322,
    4.251033435690151,
    -1.5815175891607158,
    -1.2145022359091704,
    -1.1512858224756808,
    4.280466096006708,
    -0.5060139397644463
  ],
  "GIH": [
    -20.765436990095633,
    -15.669357313964554,
    -19.597336146800988,
    -41.85147455944272,
    -4.368206793036019,
    1.0852336726168548,
    -8.123379797566756,
    -1.272856076499151,
    -1.5154885840062824,
    -1.7641640497730577
  ]
}